INSERT INTO genders(ID_GENDER, TITLE) VALUES (10001, 'C'), (10002, 'Java'), (10003, 'C and Java');

INSERT INTO users(ID_USER, AGE, BIO, DESCRIPTION, EMAIL, LOGIN, PASSWORD, WORK, ID_GENDER, IS_PREMIUM, PROFILEIMAGEURL) VALUES (10001, 18 , 'My bio', 'My Descrpiton', 'alex@gmail.com', 'Adrian', 'a', 'Study', 10001, false, 'https://i.ibb.co/m4X1xqg/image-5.jpg'), (10002, 19 , 'My bio', 'My Descrpiton', 'kek3@gmail.com', 'Brian', 'b', 'Study', 10001, true, 'https://i.ibb.co/QCPJMsv/image-1.jpg'), (10003, 20 , 'My bio', 'My Descrpiton', 'kek4@gmail.com', 'Claire', 'c', 'Study', 10001, false, 'https://i.ibb.co/cktrptH/image-2.jpg'), (10004, 21 , 'My bio', 'My Descrpiton', 'kek5@gmail.com', 'Daniel', 'd', 'd', 10001, false, 'https://i.ibb.co/dmyC4Bp/image-3.jpg'), (10005, 22 , 'My bio', 'My Descrpiton', 'kek6@gmail.com', 'Eric', 'e', 'Cleaner', 10002, false, 'https://i.ibb.co/dMhtZyq/image.jpg'), (10006, 23 , 'My bio', 'My Descrpiton', 'kek7@gmail.com', 'Finn', 'f', 'Footballer', 10002, false, 'https://i.ibb.co/7Gg9LFR/image-9.jpg'), (10007, 22 , 'My bio', 'My Description', 'kek8@gmail.com', 'George', 'g', 'Coach', 10002, false, 'https://i.ibb.co/MpkP2hP/image-8.jpg'), (10008, 22 , 'My bio', 'My Descrpiton', 'kek9@gmail.com', 'Hilary', 'h', 'Software Engineer', 10002, true, 'https://i.ibb.co/j8wmWLC/image-7.jpg'), (10009, 18 , 'My bio', 'My Descrpiton', 'kek10@gmail.com', 'Igor', 'i', 'Study', 10002, false, 'https://i.ibb.co/MctTpB2/image-6.jpg'), (10010, 18 , 'My bio', 'My Descrpiton', 'kek11@gmail.com', 'Odor', 'o', 'Study', 10002, false, 'https://i.ibb.co/MctTpB2/image-6.jpg'), (10011, 18 , 'My bio', 'My Descrpiton', 'kek12@gmail.com', 'Paula', 'p', 'Study', 10002, false, 'https://i.ibb.co/MctTpB2/image-6.jpg'), (10012, 18 , 'My bio', 'My Descrpiton', 'kek13@gmail.com', 'Quentin', 'q', 'Study', 10002, false, 'https://i.ibb.co/MctTpB2/image-6.jpg'), (10013, 18 , 'My bio', 'My Descrpiton', 'kek14@gmail.com', 'Ron', 'r', 'Study', 10002, false, 'https://i.ibb.co/MctTpB2/image-6.jpg'), (10014, 18 , 'My bio', 'My Descrpiton', 'kek15@gmail.com', 'Sarah', 's', 'Study', 10002, false, 'https://i.ibb.co/MctTpB2/image-6.jpg'), (10015, 18 , 'My bio', 'My Descrpiton', 'kek16@gmail.com', 'Tamara', 't', 'Study', 10002, false, 'https://i.ibb.co/MctTpB2/image-6.jpg'), (10016, 18 , 'My bio', 'My Descrpiton', 'kek17@gmail.com', 'Unai', 'u', 'Study', 10002, false, 'https://i.ibb.co/MctTpB2/image-6.jpg'), (10017, 18 , 'My bio', 'My Descrpiton', 'kek18@gmail.com', 'Veronica', 'v', 'Study', 10002, false, 'https://i.ibb.co/MctTpB2/image-6.jpg'), (10018, 18 , 'My bio', 'My Descrpiton', 'kek19@gmail.com', 'Walter', 'w', 'Study', 10001, false, 'https://i.ibb.co/MctTpB2/image-6.jpg'), (10019, 18 , 'My bio', 'My Descrpiton', 'kek20@gmail.com', 'Xayah', 'x', 'Study', 10001, false, 'https://i.ibb.co/MctTpB2/image-6.jpg'), (10020, 18 , 'My bio', 'My Descrpiton', 'kek21@gmail.com', 'Yawny', 'y', 'Study', 10001, false, 'https://i.ibb.co/MctTpB2/image-6.jpg'), (10021, 18 , 'My bio', 'My Descrpiton', 'kek22@gmail.com', 'Zion', 'z', 'Study', 10001, false, 'https://i.ibb.co/MctTpB2/image-6.jpg'),(10022,18,'Mybio','MyDescrpiton','gvozden@gmail.com','Gvozden','123456','Study',10001,false,'https://i.ibb.co/m4X1xqg/image-5.jpg'),(10023,19,'Mybio','MyDescrpiton','maldito@gmail.com','Maldito','password','Study',10001,false,'https://i.ibb.co/QCPJMsv/image-1.jpg');

INSERT INTO interactions(id_interaction, like_not_dislike, timestamp, id_likee, id_liker) VALUES (10001, true, NOW(), 10001, 10021),(10002, true, NOW() - 1, 10002, 10020),(10003, false, NOW() - 2, 10001, 10018),(10004, false, NOW() - 3, 10002, 10019),(10005, true, NOW()- 4, 10003, 10004),(10006, true, NOW() - 5, 10004, 10003),(10007, true, NOW() - 6, 10005, 10017),(10008, true, NOW() - 7, 10005, 10016),(10009, true, NOW() - 8, 10005, 10015),(10010, true, NOW() - 8, 10005, 10014),(10011, true, NOW() - 8, 10005, 10013),(10012, true, NOW() - 8, 10005, 10012),(100013, true, NOW() - 8, 10005, 10011),(10014, true, NOW() - 8, 10006, 10012),(10015, true, NOW() - 8, 10006, 10013),(10016, true, NOW() - 8, 10006, 10014),(10017, true, NOW() - 8, 10006, 10015),(10018, true, NOW() - 8, 10006, 10016),(10019, true, NOW() - 8, 10007, 10016),(10020, true, NOW() - 8, 10007, 10015),(10021, true, NOW() - 8, 10007, 10014),(10022, true, NOW() - 8, 10007, 10013),(10023, true, NOW() - 8, 10008, 10012),(10024, true, NOW() - 8, 10008, 10011),(10025, true, NOW() - 8, 10008, 10010),(10026, true, NOW() - 8, 10009, 10011),(10027, true, NOW() - 8, 10009, 10010);

INSERT INTO user_matches(id_match, timestamp, id_user_a, id_user_b, id_interaction) VALUES (10001, NOW() - 1, 10003, 10004, 10006);

INSERT INTO message(id, message, timestamp, id_match, id_receiver, id_sender) VALUES (10001, 'Hello', NOW(), 10001, 10003, 10004), (10002, 'Hi', NOW() - 1, 10001, 10004, 10003), (10003, 'What\'s up?', NOW() - 2, 10001, 10003, 10004), (10004, 'Nm', NOW() - 3, 10001, 10004, 10003), (10005, 'wbu', NOW() - 4, 10001, 10004, 10003);
